Question number;Type;NLQ;Expected query;Expected answer;Notes
1;Lookup Queries;Select number of variants in NEK1;"SELECT COUNT(VAR_id) AS number_of_variants
 FROM  varInfo_synthetic 
WHERE   gene_name = 'NEK1'";Result: There are 190 variants.;
2;Lookup Queries;Select variants in NEK1 that with HighImpact and a CADDphered > 20;"SELECT VAR_id,  gene_name,  HighImpact,  CADDphred 
FROM  varInfo_synthetic  
WHERE   HighImpact = 1  AND  CADDphred > 20  AND  gene_name = 'NEK1'";Result: There are 13 variants in NEK1 with a high impact and CADD score above 20.;
3;Lookup Queries;How many variants in TARDBP are predicted deletorious by SIFT?;"SELECT COUNT(*)  AS  number_of_variants_with_SIFT_D 
FROM  varInfo_synthetic  
WHERE   gene_name = 'TARDBP' AND SIFT = 'D'";Result: 4 variants are predicted to be deleterious. ;The chatbot should interpret that the letter D means “deleterious” in the SIFT column. (It could be good to specify in the instructions for the chatbot what the abbreviations in the table mean)
4;Lookup Queries;Which high-impact variants have at least one ALS patient that is homozygous for this variant?;"SELECT  VAR_id, gene_name,  HighImpact, ALS_1, ALS_2, ALS_3, ALS_4, ALS_5 
 FROM  varInfo_synthetic 
WHERE  HighImpact = 1  AND  (ALS_1 = 2 OR ALS_2 = 2 OR ALS_3 = 2  OR  ALS_4 = 2  OR  ALS_5 = 2)";Result: 102 variants have at least one homozygous carrier.;
5;Lookup Queries;What are the ten most deleterious variants in ABCA4?;"SELECT
  VAR_id,
  gene_name,
  CADDphred,
  SIFT,
  PolyPhen
 FROM varInfo_synthetic
 WHERE CADDphred > 20 AND SIFT = 'D'  AND  PolyPhen = 'D'  AND  gene_name = 'ABCA4' 
 ORDER  BY  CADDphred  DESC
 LIMIT 10;";;“Most deleterious” is ambiguous and depends on the definition. Here, we use a combination of CADDphred > 20 and both SIFT and PolyPhen predicting deleteriousness. However, other definitions could be used. The important point is that the chatbot should explain its definition of deletoriousness or ask for clarification from the user
6;Analytical Queries;What is the variant with the highest allele frequency?;"SELECT VAR_id, MAX(AF)  AS  highest_allele_frequency
  FROM  varInfo_synthetic
";Result: VAR_id 901 has the highest AF (9.68148e-05);
7;Analytical Queries;What is the average allele frequency for synonymous, moderate, and high-impact variants?;"SELECT 
  AVG(CASE  WHEN  Synonymous = 1 THEN AF END)  AS  average_AF_synonymous, 
  AVG(CASE  WHEN  ModerateImpact = 1 THEN  AF  END)  AS  average_AF_moderate, 
  AVG(CASE  WHEN  HighImpact = 1  THEN  AF  END)  AS  average_AF_high 
FROM  varInfo_synthetic";Result:   average_AF_synonymous = 0.003228473 average_AF_moderate = 0.0009676297 average_AF_high = 0.0001987828;
8;Analytical Queries;How many high-impact variants does the ALS_1 patient carry?;"SELECT 
  SUM(CASE  WHEN   ALS_1 = 1 THEN 1 ELSE 0 END) AS heterozygous, 
  SUM(CASE  WHEN  ALS_1 = 2 THEN 1 ELSE 0 END)  AS homozygous 
FROM  varInfo_synthetic 
WHERE  HighImpact = 1";Result: 42 heterozygous and 33 homozygous variants;
9;Analytical Queries;What is the total burden of cases versus controls (so how many effect alleles do the ALS cases carry vs controls);"SELECT 
  SUM(ALS_1 + ALS_2 + ALS_3 + ALS_4 + ALS_5)  AS  total_cases_burden,  
  SUM(Control_1 + Control_2 + Control_3 + Control_4 + Control_5)  AS  total_controls_burden 
FROM  varInfo_synthetic;";Result: Cases = 9083, Controls = 8974.;
10;Analytical Queries;Are there more variants in cases than controls?;"SELECT 
  VAR_id, 
  gene_name, 
  (ALS_1 + ALS_2 + ALS_3 + ALS_4 + ALS_5)  AS  case_count, 
  (Control_1 + Control_2 + Control_3 + Control_4 + Control_5)  AS  control_count, 
  ((ALS_1 + ALS_2 + ALS_3 + ALS_4 + ALS_5) * 1.0) / 
  NULLIF((Control_1 + Control_2 + Control_3 + Control_4 + Control_5), 0)  AS  case_control_ratio 
FROM  varInfo_synthetic
ORDER BY case_control_ratio DESC
LIMIT 10;";"VAR_id gene_name case_count control_count case_control_ratio
1     447     ABCA4          8             1                  8
2     525     ABCA4          8             1                  8
3      33     ABCA4          7             1                  7
4     399     ABCA4          7             1                  7
5    1142   CYP19A1          7             1                  7
6      14    TARDBP          6             1                  6
7     135     ABCA4          6             1                  6
8     173     ABCA4          6             1                  6
9     412     ABCA4          6             1                  6
10    601     ABCA4          6             1                  6";In this query we select the top 10 variants that have the highest ratio of case count to control count. Note that this can be interpreted differently. The chatbot should come up with an answer that is true and makes sense based on the data in the table.
11;Analytical Queries;Summarize variant info for each gene. Only select genes that have more than 10 variants. Order the results by the number of variants.;"SELECT 
  gene_name, 
  CHROM, 
  COUNT(*)  AS total_variants, 
  SUM(CASE  WHEN  HighImpact = 1  THEN  1  ELSE  0  END)  AS  high_impact_count, 
  SUM(CASE  WHEN  ModerateImpact = 1  THEN  1  ELSE  0  END)  AS  moderate_impact_count, 
  SUM(CASE  WHEN  Synonymous = 1  THEN  1  ELSE  0  END)  AS  synonymous_count, 
  AVG(AF)  AS  mean_AF, 
  MIN(POS)  AS  start_pos, 
  MAX(POS)  AS  end_pos, 
  (MAX(POS) - MIN(POS))  AS  length 
FROM  varInfo_synthetic 
GROUP  BY  gene_name,  CHROM 
HAVING  total_variants > 10 
ORDER  BY  total_variants  DESC";"   gene_name CHROM total_variants high_impact_count moderate_impact_count synonymous_count  mean_AF start_pos   end_pos length
1      ABCA4  chr1            589                44                   382              163  2.664076e-03  93993244  94120999 127755
2       RIN3 chr14            222                 2                   151               69  1.152572e-03  92555753  92688163 132410
3       NEK1  chr4            190                33                   106               51  1.471440e-03 169400557 169602602 202045
4      IL3RA  chrX            147                13                    99               35  2.103769e-03   1341769   1382465  40696
5       PEX5 chr12            124                 8                    71               45  1.395899e-04   7190352   7210243  19891
6       OPTN chr10            121                11                    68               42  2.649301e-03  13109153  13136862  27709
7     ZNF483  chr9            113                 2                    76               35  4.336266e-05 111527483 111543165  15682
8        FUS chr16             95                 1                    55               39  1.024871e-04  31180220  31191432  11212
9    CYP19A1 chr15             89                 2                    63               24  7.754898e-04  51210832  51242889  32057
10      SOD1 chr21             49                 4                    38                7  7.258263e-05  31659783  31668568   8785
11    UBQLN2  chrX             36                 1                    24               11  3.859886e-04  56564068  56565497   1429
12    TARDBP  chr1             27                 1                    14               12  7.696691e-05  11013912  11022578   8666";The chatbot should interpret what the user means by “summarize variant info for each gene” and should be able to come up with a reasonable summary of the variant information for each gene. The chatbot should also be able to interpret the second part of the question “Only select genes that have more than 10 variants. Order the results by the number of variants” and include this in the query. However, there is no “correct” answer to this question, as there are many different ways to summarize the variant information for each gene. The important thing is that the chatbot can come up with a reasonable summary and can explain its reasoning in the answer.
12;Unanswerable Questions;What is the average age of ALS cases?;N/A;N/A;No age information is available in the table, so this question cannot be answered.
13;Unanswerable Questions;Is VAR_id 100 previously reported as pathogenic?;N/A;N/A;Cannot be answered with the data in the table, as there is no information on pathogenicity or previous reports
14;Unanswerable Questions;What is the allele frequency of VAR_id 30 in Europeans?;N/A;N/A;No population-specific allele frequencies are available in the table, so this question cannot be answered
15;Unanswerable Questions;What is the sex distribution of carriers?;N/A;N/A;No sex information is available in the table, so this question cannot be answered
16;Unanswerable Questions;Which variants are most important;N/A;N/A;Important is subjective, so the chatbot should ask for clarification on what the user means by “important”
17;Unanswerable Questions;Which variants are both synonymous and high impact?;N/A;N/A;This is a trick question, as it is not possible for a variant to be both synonymous and high impact. The chatbot should recognize this and explain to the user why this is the case
18;Advanced Tests (RVAT Required);Get the MAF for Moderate Impact variants in TARDBP;"buildVarSet(
  object = gdb,
  output = paste0(outdir, ""/TARDBP.txt.gz""),
  varSetName = ""TARDBP"",
  unitTable = ""varInfo"",
  unitName = ""gene_name"",
  where = ""ModerateImpact = 1""
)";Obeject VarSet created.Count of MAF is actually into this file;
19;Advanced Tests (RVAT Required);How many female carriers are there in the SAS cohort that carry a “pathogenic” mutation in SOD1;"buildVarSet(
  object = gdb,
  output = paste0(outdir, ""/SOD1.txt.gz""),
  varSetName = ""SOD1"",
  unitTable = ""varInfo"",
  unitName = ""gene_name"",
  where = ""HighImpact = 1 OR ModerateImpact = 1""
)";Result: 9 female carriers in the SAS cohort.;
;;;;;
;;;;;
;;;;;
;;;;;
;;;;;
;;;;;
;;;;;
;;;;;
;;;;;
;;;;;
;;;;;
;;;;;
;;;;;
;;;;;
;;;;;
;;;;;
;;;;;
;;;;;
;;;;;
;;;;;
;;;;;
;;;;;
;;;;;
;;;;;
;;;;;
;;;;;
;;;;;
;;;;;
;;;;;
;;;;;
;;;;;
;;;;;
;;;;;
;;;;;
;;;;;
;;;;;
