"timestamp","user_query","sql_query","rows_returned","result_preview","status","error_message","model","model_parameters","model_capability","model_temperature","time_total_sec"
"2026-06-23 23:33:15.335787","Select number of variants in NEK1","SELECT COUNT(VAR_id) FROM varInfo_synthetic WHERE gene_name = 'NEK1';",1,"  COUNT(VAR_id) | 1           190","PASS",NA,"qwen3:8b","8B","High (general reasoning)",0.6,34.1229727268219
"2026-06-23 23:33:54.841627","Select number of variants in NEK1","SELECT COUNT(*) FROM varInfo_synthetic WHERE gene_name = 'NEK1';",1,"  COUNT(*) | 1      190","PASS",NA,"qwen3:8b","8B","High (general reasoning)",0.6,31.5107851028442
"2026-06-23 23:35:17.810291","Select number of variants in NEK1","SELECT COUNT(*) FROM varInfo_synthetic WHERE gene_name = 'NEK1';",1,"  COUNT(*) | 1      190","PASS",NA,"qwen3:8b","8B","High (general reasoning)",0.6,25.3533687591553
"2026-06-23 23:36:25.673494","Select variants in NEK1 that with HighImpact and a CADDphered > 20","SELECT * FROM varInfo_synthetic WHERE gene_name = 'NEK1' AND HighImpact = 1 AND CADDphred > 20;",13,"  VAR_id CHROM       POS          ID REF ALT   QUAL FILTER AC    AN           AF gene_name HighImpact | 1   1331  chr4 169406666 rs770767730   G   A 133.15   <NA>  1 50000        2e-05      NEK1          1 | 2   1350  chr4 169424668 rs199947197   G   C  58949   <NA> 26 49324 0.0005271268      NEK1          1 | 3   1366  chr4 169438088        <NA>   A   T 189.14   <NA>  1 48158   2.0765e-05      NEK1          1 |   ModerateImpact Synonymous CADDphred PolyPhen SIFT ALS_1 ALS_2 ALS_3 ALS_4 ALS_5 Control_1 Control_2 | 1              0          0        41        .    .     2     2     2     0     2         0         1 | 2              0          0        36        .    .     0     1     2     0     0         0         2 | 3              0          0        37        .    .     1     2     0     0     0         0         2 |   Control_3 Control_4 Control_5 | 1         2         2         1 | 2         1         1         1 | 3         0         2         0","PASS",NA,"qwen3:8b","8B","High (general reasoning)",0.6,96.4086711406708
"2026-06-23 23:39:07.128661","Select variants in NEK1 that with HighImpact and a CADDphered > 20","SELECT * FROM varInfo_synthetic WHERE gene_name = 'NEK1' AND HighImpact = 1 AND CADDphred > 20;",13,"  VAR_id CHROM       POS          ID REF ALT   QUAL FILTER AC    AN           AF gene_name HighImpact | 1   1331  chr4 169406666 rs770767730   G   A 133.15   <NA>  1 50000        2e-05      NEK1          1 | 2   1350  chr4 169424668 rs199947197   G   C  58949   <NA> 26 49324 0.0005271268      NEK1          1 | 3   1366  chr4 169438088        <NA>   A   T 189.14   <NA>  1 48158   2.0765e-05      NEK1          1 |   ModerateImpact Synonymous CADDphred PolyPhen SIFT ALS_1 ALS_2 ALS_3 ALS_4 ALS_5 Control_1 Control_2 | 1              0          0        41        .    .     2     2     2     0     2         0         1 | 2              0          0        36        .    .     0     1     2     0     0         0         2 | 3              0          0        37        .    .     1     2     0     0     0         0         2 |   Control_3 Control_4 Control_5 | 1         2         2         1 | 2         1         1         1 | 3         0         2         0","PASS",NA,"qwen3:8b","8B","High (general reasoning)",0.6,52.5024650096893
"2026-06-23 23:40:19.480045","How many variants in TARDBP are predicted deletorious by SIFT?","SELECT COUNT(*) FROM varInfo_synthetic WHERE gene_name = 'TARDBP' AND SIFT = 'Deleterious';",1,"  COUNT(*) | 1        0","PASS",NA,"qwen3:8b","8B","High (general reasoning)",0.6,135.440711259842
"2026-06-23 23:43:22.61584","What is te average allele frequency for synonymous, moderate, and high-impact variants?","SELECT 
    AVG(CASE WHEN HighImpact = 1 THEN AF END) AS avg_high_impact,
    AVG(CASE WHEN ModerateImpact = 1 THEN AF END) AS avg_moderate_impact,
    AVG(CASE WHEN Synonymous = 1 THEN AF END) AS avg_synonymous
FROM varInfo_synthetic;",1,"  avg_high_impact avg_moderate_impact avg_synonymous | 1    0.0001987828        0.0009676297    0.003228473","PASS",NA,"qwen3:8b","8B","High (general reasoning)",0.6,88.2782073020935
"2026-06-23 23:44:54.894969","What is te average allele frequency for synonymous, moderate, and high-impact variants?","SELECT 
    AVG(CASE WHEN HighImpact = 1 THEN AF END) AS high_impact_avg,
    AVG(CASE WHEN ModerateImpact = 1 THEN AF END) AS moderate_impact_avg,
    AVG(CASE WHEN Synonymous = 1 THEN AF END) AS synonymous_avg
FROM varInfo_synthetic;",1,"  high_impact_avg moderate_impact_avg synonymous_avg | 1    0.0001987828        0.0009676297    0.003228473","PASS",NA,"qwen3:8b","8B","High (general reasoning)",0.6,179.355138301849
